{
  "dependencies": {
    "secrets1": {
      "type": "secrets.user",
      "dynamicId": null
    },
    "mssql1": {
      "serviceConnectorResourceId": "/subscriptions/[parameters('subscriptionId')]/resourcegroups/[parameters('serviceConnectorResourceGroupName')]/providers/Microsoft.ServiceLinker/locations/southafricanorth/connectors/ConnectionStringsDefaultConnection_ECE0DACC8B",
      "secretStore": "LocalSecretsFile",
      "resourceId": "/subscriptions/[parameters('subscriptionId')]/resourcegroups/[parameters('resourceGroupName')]/providers/Microsoft.Sql/servers/elevatedtutorswebsitedbserver/databases/ElevatedTutors_db",
      "type": "mssql.azure",
      "connectionId": "ConnectionStrings:DefaultConnection",
      "dynamicId": null
    }
  }
}